{"cameraMode":{"drawMode":0,"name":"Shaded","section":"Shading Mode"},"sceneLighting":true,"audioPlay":false,"sceneViewState":{"m_AlwaysRefresh":false,"showFog":true,"showSkybox":true,"showFlares":true,"showImageEffects":true,"showParticleSystems":true,"showVisualEffectGraphs":true,"m_FxEnabled":true},"in2DMode":false,"pivot":{"x":0.7353646159172058,"y":-0.2842007577419281,"z":15.794384002685547},"rotation":{"x":0.19281859695911408,"y":0.09696504473686218,"z":-0.01915132813155651,"w":0.9762489795684815},"size":11.58523178100586,"orthographic":false}